#{"t_start": 1734419833.1969223, "env_id": "CustomLunarLander-v3"}
r,l,t
-296.48049,144,1.78572
-354.772124,130,2.958896
-237.690017,95,3.787555
-83.220424,138,5.04337
-79.955315,103,6.038514
-350.019034,123,7.16624
-215.465476,96,8.060398
-355.732396,107,9.06506
-339.186224,114,10.136736
-139.065549,136,11.346395
-267.119447,137,12.607605
-256.299465,134,14.00691
-268.49292,143,15.462587
-85.74888,73,16.182713
-393.058364,100,17.204576
-117.041578,73,17.920161
-321.445162,73,18.62826
-407.686389,105,19.556852
-224.519579,100,20.465475
-234.378067,134,21.64965
-184.863167,101,22.534266
-273.13183,159,23.956464
-189.889805,139,25.182316
-271.855147,119,26.231494
-252.643651,209,28.06825
-8.936778,88,28.847861
-144.444153,57,29.346446
-479.604124,224,31.34003
-148.382299,92,32.152169
-151.2413,101,33.038281
-158.428159,372,36.298794
-157.263623,168,37.776526
-96.163703,104,38.69664
-284.922431,190,40.389407
-87.813465,113,41.381546
-255.937477,206,43.239344
-122.120081,133,44.449532
-69.506319,134,45.647186
-260.848803,239,47.768995
-412.829231,158,49.176825
-341.959799,329,52.10762
-600.44883,259,54.403942
-99.656394,176,55.972644
-236.312368,296,58.606882
-87.162309,216,60.531758
-96.94697,169,62.022506
-110.474357,110,63.011652
-318.242829,212,64.884939
-292.312683,285,67.424293
9.959478,126,68.513972
-124.217612,99,69.368105
-105.603446,147,70.677801
-156.080882,167,72.153027
-270.716875,149,73.484737
-119.45881,92,74.299856
-379.014613,452,78.280958
-305.556445,153,79.621326
-324.049348,363,82.876959
-253.305663,253,85.111433
-293.583716,143,86.380607
-183.613442,391,89.878093
-84.996425,181,91.490846
-163.263495,128,92.630523
-258.262623,178,94.216762
-118.820272,281,96.704752
-97.831594,153,98.038436
-97.14115,142,99.289125
-330.989136,321,102.133649
-320.994168,96,102.97326
-182.003421,76,103.640021
-247.551445,189,105.313756
-154.202327,65,105.875828
-110.93704,177,107.434585
-113.951981,190,109.139321
-135.156702,115,110.154479
-169.408196,110,111.147618
-101.600381,153,112.481301
-216.785287,236,114.551656
-192.840551,233,116.601459
-310.794548,214,118.505374
-265.215058,274,120.950469
-137.593599,96,121.81208
-174.994232,94,122.662719
-264.587826,182,124.295946
-547.090012,233,126.396788
-244.680005,144,127.645954
-58.274922,144,128.906633
-144.095345,87,129.67074
-57.983983,99,130.559378
-292.175231,120,131.615526
-264.557822,81,132.341619
-45.678856,89,133.112238
-240.49524,346,136.227691
-44.378142,161,137.700545
-101.939853,104,138.620178
-351.067025,133,139.797892
-234.157895,175,141.377624
-144.910332,84,142.133732
-256.204238,121,143.200898
-234.991107,232,145.271704
-194.606097,84,146.017806
-225.347415,262,148.327606
-230.286933,240,150.476119
-88.485764,155,151.853321
-205.024447,129,152.991982
-218.74682,152,154.355687
-252.919195,195,156.097991
-183.124995,156,157.466682
-152.907616,194,159.156441
-240.293318,251,161.343776
-185.168079,240,163.493546
-255.352892,185,165.150928
-288.736487,207,166.978184
-356.547779,296,169.625565
-115.616574,193,171.338291
-515.375966,96,172.189901
-169.345799,163,173.637759
-113.123852,139,174.864967
-37.377966,178,176.466192
-72.202784,201,178.247476
-195.704235,207,180.092753
-165.359725,103,180.987393
-22.936484,159,182.381603
-167.480481,105,183.329727
-197.611435,115,184.360876
-356.225929,101,185.287545
-174.211788,260,187.591894
-259.750706,175,189.134644
-298.755146,259,191.423492
-245.510155,112,192.408124
-229.534033,372,195.702653
-186.739549,490,200.083113
-223.966453,322,202.943004
-187.417048,102,203.859781
-493.279623,177,205.399518
-249.560517,338,208.410465
-394.21495,130,209.546929
-22.939399,240,211.643768
-178.382743,109,212.618929
-340.277347,234,214.694279
-222.896463,157,216.075475
-82.93736,127,217.211141
-347.285386,142,218.466327
-250.064668,371,221.767821
-235.746776,280,224.249811
-256.988444,383,227.682809
-47.699976,242,229.786366
67.005949,1000,238.72311
-154.349548,229,240.769885
-210.06962,298,243.36674
-236.868484,480,247.586135
-308.811177,151,248.918474
181.347991,633,254.490906
-83.633967,209,256.367208
-79.756537,210,258.253761
-147.231517,232,260.382093
-117.905202,107,261.318256
22.916618,248,263.515603
82.857672,139,264.765307
-370.778436,250,266.982603
-405.259281,407,270.606875
-323.542441,274,273.041755
17.484274,246,275.22208
-528.312555,231,277.252851
-37.66353,286,279.79973
-239.454756,414,283.477256
139.204786,901,291.441443
-14.393576,276,293.896777
-122.0565,198,295.652574
-150.309559,338,298.640974
-259.586236,504,303.118487
-231.418572,370,306.387063
-50.021955,273,308.837414
-231.097405,344,311.917367
-262.21492,151,313.266229
-36.3664,219,315.175523
-191.891999,151,316.527708
-41.418777,241,318.65183
-201.599533,147,319.955576
-194.320153,387,323.389096
-268.791853,419,327.066301
-127.418089,260,329.361814
-53.561005,199,331.120575
-85.588794,342,334.154884
-240.396977,342,337.17203
-75.014581,77,337.849647
-232.351206,499,342.288729
-101.718351,239,344.412674
-120.252715,362,347.623609
-84.499636,197,349.357541
-69.445667,231,351.405328
19.696004,150,352.742549
-291.54942,271,355.132415
-26.901429,583,360.288858
-44.337642,139,361.507063
-254.65645,248,363.659874
-234.841954,303,366.36128
277.392659,214,368.266045
7.926574,178,369.865299
-194.894373,286,372.394682
-41.820843,307,375.157261
-283.000316,381,378.495742
-73.589676,389,381.955364
-61.636164,245,384.110677
-138.112745,320,386.940797
-49.923214,319,389.750702
-81.683455,357,392.933161
40.82618,198,394.700424
198.895417,406,398.288002
7.598515,237,400.373301
55.709529,123,401.45446
-93.373834,250,403.63626
-16.118986,217,405.52906
-66.068306,157,406.901748
-13.802031,162,408.302947
-42.886732,207,410.112187
-19.601422,188,411.789944
-60.937241,208,413.627207
-4.037292,226,415.634494
-110.708751,237,417.678282
297.315549,272,420.103657
-183.576692,255,422.355975
214.961381,425,426.139823
-91.527789,180,427.724078
-7.971313,248,429.909371
-60.940527,469,434.000635
-156.404073,309,436.719046
38.114974,286,439.238927
-5.864988,314,441.997337
-3.95513,224,444.015607
-165.554288,113,445.025259
-202.890532,157,446.42813
-36.930717,372,449.68814
-71.122099,242,451.820918
-273.452312,353,454.911954
-332.019474,527,459.539877
-58.804123,422,463.270458
-23.355847,380,466.625575
20.950255,244,468.785896
-225.260324,685,474.769782
243.7449,646,480.506137
-85.502368,358,483.674104
-44.745466,178,485.230814
-83.145374,319,488.058282
-129.840194,335,491.042951
-306.509967,491,495.394044
-120.28255,92,496.189353
-265.226854,231,498.19463
-108.980896,530,502.94194
-1.934978,247,505.08575
-220.607311,706,511.295024
-276.573041,343,514.316591
-137.418463,138,515.523749
-137.381086,199,517.270385
159.790943,452,521.250424
-44.883975,202,523.040671
-147.573429,243,525.210485
-52.111844,234,527.286782
-13.990689,265,529.601091
-245.817058,199,531.349289
25.914886,209,533.211052
-318.20435,496,537.633742
-92.079812,320,540.440125
-192.651962,183,542.077881
2.857918,196,543.80566
84.450457,1000,552.704623
-98.600291,178,554.27835
-25.667341,296,556.889949
-3.339294,186,558.541692
181.820067,421,562.272756
-29.898037,211,564.169055
-113.3705,198,565.947423
-218.959816,127,567.077704
-182.810684,226,569.103737
-23.398088,221,571.04204
-26.375497,419,574.748107
50.819559,144,576.036819
-115.006105,397,579.563906
118.198017,1000,588.413775
-232.598721,624,593.940415
-50.193033,386,597.326072
-191.27101,135,598.529236
202.318551,411,602.189742
-74.21179,244,604.345557
-245.527319,434,608.168591
-185.978309,456,612.205208
224.005273,430,616.015749
-108.386583,436,619.908789
-31.451637,78,620.610373
-10.413272,246,622.829875
-117.445862,210,624.696618
26.753435,171,626.238839
-289.079199,909,634.293661
17.742545,220,636.260449
-254.994393,542,641.074649
221.918532,629,646.659638
-120.522249,210,648.535944
-154.972076,204,650.375208
-227.715543,226,652.382531
-372.513584,542,657.178896
172.322615,258,659.480254
-245.00899,233,661.550073
-54.674721,439,665.508824
164.430331,557,670.463746
-352.04835,318,673.33166
-220.661523,234,675.418148
86.168361,703,681.718089
-108.370478,308,684.470609
202.544222,477,688.710737
-14.932924,450,692.751971
-109.01431,320,695.621028
-75.662769,387,699.075547
226.443447,251,701.301365
-142.179042,242,703.448166
26.784502,127,704.566965
-204.034196,671,710.529254
-154.574816,560,715.569832
-27.675455,287,718.133255
-31.384223,236,720.233071
-109.644538,616,725.713925
-3.04542,106,726.646563
-266.396458,264,729.059602
256.022855,315,731.88113
-280.745053,443,735.802681
-38.539333,83,736.539792
-98.561497,236,738.653244
-20.968614,231,740.701739
251.983895,486,745.069961
-168.125104,240,747.218444
-217.866131,198,748.983185
-101.703957,128,750.134373
-10.936473,179,751.729626
-281.094654,321,754.599563
-280.55258,231,756.657595
-50.955198,179,758.260538
-98.752558,425,762.041115
18.877187,263,764.370156
-45.008256,326,767.290084
-71.513908,219,769.2489
-10.96906,172,770.780629
-173.34764,379,774.159154
-206.881959,219,776.113433
-275.879264,409,779.737969
-259.757782,285,782.306853
-19.426664,84,783.074469
-87.649519,178,784.701711
-193.803454,297,787.359131
-7.669896,165,788.818852
-102.876376,553,793.702396
-73.696111,515,798.268123
-63.631325,383,801.654094
-27.416342,173,803.231489
-72.738447,239,805.390289
-87.254816,85,806.150397
-25.486242,128,807.297049
233.436554,461,811.454312
-244.66621,242,813.609142
-111.095889,464,817.739821
-79.946037,428,821.541044
-18.614225,459,825.609425
197.476824,421,829.341971
-36.272329,153,830.689867
-44.990424,441,834.60973
-67.529193,245,836.83358
-52.419646,273,839.291117
-226.804642,158,840.703825
175.847741,606,846.126721
-10.86984,188,847.787432
-173.167496,550,852.713339
-76.666487,285,855.270759
225.278477,357,858.461239
10.411255,230,860.624536
-224.385318,507,865.256035
-120.051295,723,871.74567
-108.551941,1000,880.639847
-271.255333,751,887.347333
-0.838811,241,889.537334
-104.989812,278,892.015233
-108.785467,194,893.777487
-149.621238,256,896.042183
-197.598746,213,897.968461
-35.446812,345,901.03691
-60.840289,444,905.030242
-115.269367,541,909.857086
-90.839448,547,914.762278
-361.173891,675,920.764121
-344.238254,371,924.065081
5.773608,286,926.659262
111.729157,953,935.210258
-31.970853,335,938.263422
-261.070786,257,940.575907
-118.881954,298,943.21682
200.2734,320,946.095446
-61.58666,212,947.974236
-38.802091,406,951.609719
266.865153,384,955.055761
-42.694256,85,955.817394
-268.42788,706,962.149076
47.358748,260,964.464918
-0.501873,276,966.901302
-69.633009,202,968.692594
-44.235814,279,971.177517
-411.684222,229,973.216833
-96.529513,439,977.130903
-264.354622,532,981.910585
-45.419184,469,986.101234
239.459823,546,990.977119
-281.25282,426,994.773686
-218.700324,265,997.132515
-69.936407,345,1000.250239
-40.491098,643,1006.02483
268.492456,441,1009.957096
-41.037632,429,1013.761141
217.128663,366,1017.055279
-19.609977,183,1018.712474
-63.860139,321,1021.605404
189.329257,702,1027.832371
-225.786425,387,1031.29543
-59.373024,299,1033.935828
-265.012908,495,1038.384007
-231.447671,227,1040.411983
18.676293,236,1042.544333
2.548105,198,1044.298133
-4.936333,193,1046.020399
-49.013035,162,1047.476631
-259.102452,198,1049.241385
-90.83843,406,1052.889111
179.17927,640,1058.534574
294.360284,370,1061.87026
204.044562,346,1064.96419
-13.010858,273,1067.404188
-29.156332,287,1069.999552
-25.161096,247,1072.198128
-30.667864,323,1075.093532
7.862539,305,1077.834932
-75.08084,197,1079.596862
225.701294,281,1082.113205
-185.557949,236,1084.205519
-17.977928,325,1087.116223
-321.943464,439,1091.032781
13.927713,120,1092.09396
-20.786563,222,1094.072738
-173.324233,175,1095.631458
-173.800989,198,1097.405229
-61.071771,347,1100.522179
-145.151416,186,1102.194109
-231.058376,404,1105.792119
-71.392411,316,1108.613662
-140.147723,396,1112.183348
2.837783,193,1113.949094
-64.168066,417,1117.672318
-232.491392,365,1120.930791
249.244578,356,1124.180793
-230.247956,310,1126.914327
-17.867199,333,1129.880144
-25.743881,277,1132.341885
245.78675,333,1135.332808
-33.981373,257,1137.653674
223.802124,531,1142.397603
284.070919,351,1145.503556
-11.092039,281,1148.001421
-59.37271,266,1150.368777
11.620753,295,1153.043194
-228.451721,496,1157.470404
-19.844332,221,1159.441175
240.470789,337,1162.429744
-86.75548,508,1166.951758
-156.111633,549,1171.875614
-147.599386,378,1175.270069
-10.877584,149,1176.579973
-252.077943,284,1179.141902
238.311559,332,1182.065778
-95.506909,268,1184.478636
292.580664,283,1186.987463
-43.368964,238,1189.102744
-119.030668,190,1190.802093
-62.858975,323,1193.653522
204.872066,530,1198.425393
-245.76457,361,1201.705321
-98.570208,318,1204.570277
3.487063,394,1208.103846
-44.368236,247,1210.313182
11.554766,267,1212.691874
-194.044449,245,1214.898278
145.07875,763,1221.725875
-164.773962,313,1224.570588
-152.006774,252,1226.874423
-35.3944,203,1228.678731
-14.751601,286,1231.279108
-239.073284,412,1234.966155
34.07988,236,1237.107444
-59.89719,672,1243.090917
184.474594,509,1247.639184
-42.834635,368,1250.972678
-84.535741,237,1253.10265
-29.763315,260,1255.417612
-257.22266,375,1258.757229
38.606382,228,1260.801061
-239.23669,220,1262.780856
-26.359862,331,1265.760959
284.028604,259,1268.090297
206.704679,500,1272.538183
-15.371304,333,1275.523628
-44.717951,274,1277.994026
-63.145106,167,1279.499746
-116.570905,425,1283.338301
-7.505716,213,1285.279056
-12.315604,297,1287.905617
1.003038,197,1289.659387
10.019332,170,1291.211612
-101.603527,192,1292.909404
251.720828,324,1295.767307
206.177881,562,1300.789253
245.502644,399,1304.354905
-33.35557,524,1309.037792
190.618312,420,1312.807389
-48.988915,252,1315.066968
-87.080548,107,1316.039597
-238.097494,259,1318.351453
-40.761544,330,1321.310421
-44.664588,279,1323.855211
-299.045184,508,1328.39729
-257.855893,486,1332.76603
262.871734,325,1335.626639
-103.289256,339,1338.693624
-67.582706,338,1341.755605
0.259575,160,1343.200599
-239.81053,529,1347.98045
242.83944,519,1352.666211
-91.904921,171,1354.164439
228.625663,321,1357.057365
-191.814234,178,1358.669649
255.154172,330,1361.62158
-95.471204,216,1363.551867
-257.716979,259,1365.850303
-21.300046,151,1367.199003
-64.135922,127,1368.400787
225.301321,395,1372.017172
-2.528689,199,1373.860384
12.057885,208,1375.739006
-27.043972,311,1378.514432
-0.696154,316,1381.308827
-36.649864,143,1382.579167
-272.822174,408,1386.182186
225.667038,379,1389.508821
-273.791251,592,1394.784057
-82.809814,215,1396.684815
239.406143,530,1401.401678
238.862895,333,1404.349093
-59.338469,216,1406.28389
-47.328691,356,1409.390296
-51.560497,709,1415.731848
-41.020056,178,1417.320701
-15.528435,347,1420.360672
-71.362738,246,1422.535129
228.092694,654,1428.319474
-90.772559,236,1430.418535
-10.687546,453,1434.438145
234.100724,375,1437.748793
-163.694126,192,1439.431226
-142.57395,532,1444.18371
241.689854,451,1448.224942
33.512189,202,1450.040708
222.086016,356,1453.21706
188.703816,373,1456.497546
-43.369957,287,1459.009885
-42.016095,203,1460.807311
-219.636247,182,1462.433571
-1.043437,261,1464.714557
-217.178834,231,1466.769848
-55.011319,359,1469.982137
-18.265111,187,1471.676749
-173.989385,112,1472.693916
-21.883318,190,1474.379658
-103.609071,160,1475.772862
-77.29909,239,1477.906195
-64.614287,267,1480.260557
-93.415895,311,1483.020427
-107.090884,300,1485.704022
-34.33045,182,1487.343786
-214.852889,300,1490.023179
196.39193,463,1494.163289
-92.424464,325,1497.062362
10.69372,1000,1505.855944
221.589246,493,1510.200219
285.463255,311,1512.984621
-70.009507,445,1516.924494
-221.616225,159,1518.335179
236.387651,307,1521.043041
228.687856,407,1524.662694
-67.296513,254,1526.92254
272.959359,347,1530.012581
30.695633,164,1531.477492
202.774904,543,1536.265014
-48.012224,213,1538.145294
-13.529209,219,1540.057579
-179.646132,280,1542.567919
-59.836826,318,1545.400451
-105.835451,487,1549.725149
-236.492547,453,1553.757874
236.704366,406,1557.380544
265.574286,369,1560.607004
119.85467,485,1564.923184
236.979823,306,1567.629221
246.676391,442,1571.505315
-72.945556,349,1574.619222
209.561,249,1576.83819
185.341389,581,1581.962947
-51.733638,249,1584.157284
-177.333464,128,1585.28796
192.304331,675,1591.256868
-72.779699,192,1592.9976
-148.502967,199,1594.782869
-282.018075,295,1597.402262
-81.375679,213,1599.281668
-273.020192,311,1602.045084
-146.218121,214,1603.914337
43.132242,261,1606.268729
242.866352,364,1609.451724
84.702979,729,1615.941172
-261.37881,244,1618.200158
-48.762656,220,1620.118445
-20.319211,246,1622.294946
-48.250601,200,1624.044686
190.04777,612,1629.419288
8.425953,200,1631.176052
189.76419,581,1636.319893
255.749522,423,1640.043643
238.205122,449,1644.034685
-12.361578,253,1646.29551
-23.891485,1000,1655.113532
-24.63824,335,1658.060106
-272.97143,503,1662.52546
-30.518552,249,1664.71677
-36.437932,252,1666.965265
-180.04581,177,1668.514989
202.003349,499,1672.948157
252.52408,341,1675.96209
-28.186487,1000,1684.876933
217.304448,618,1690.339562
215.537378,570,1695.388313
14.277657,266,1697.791334
250.276551,325,1700.625242
-101.893783,191,1702.306665
9.844943,234,1704.378969
220.294596,674,1710.320098
-16.36466,206,1712.12489
-86.96958,353,1715.273832
257.859582,377,1718.63848
-2.390999,244,1720.766316
-155.58963,224,1722.746133
251.725841,320,1725.593104
235.071893,350,1728.707265
-65.388734,359,1731.956169
225.218502,249,1734.166943
246.989785,414,1737.84966
-60.138852,249,1740.084042
9.951918,214,1741.983818
-57.142233,248,1744.162642
-4.592443,251,1746.379334
-230.373682,307,1749.0862
22.934071,1000,1757.922204
259.71739,290,1760.459705
157.172438,520,1765.071728
202.30722,428,1768.858437
279.7973,370,1772.120713
-142.084393,318,1774.897111
223.86558,540,1779.677808
89.992979,649,1786.610741
28.418901,279,1789.107648
-195.840037,194,1790.846375
316.314172,221,1792.79636
141.013852,587,1798.022262
-24.143792,195,1799.751504
241.347657,512,1804.277333
250.510733,393,1807.761531
-65.022432,317,1810.566234
239.385173,516,1815.111837
199.309058,546,1819.94558
-14.664159,162,1821.375855
229.139184,330,1824.346768
217.953186,377,1827.664841
141.050555,589,1832.860878
-22.415787,297,1835.45944
264.554391,264,1837.829473
-51.664327,251,1840.052819
-36.776775,318,1842.898725
193.082594,340,1845.90584
278.075465,418,1849.596803
-194.307416,229,1851.670078
-39.738019,201,1853.437333
144.844972,564,1858.56658
-79.33896,329,1861.506493
34.926773,1000,1870.389082
251.688206,338,1873.381999
171.360158,631,1879.017673
124.592296,691,1885.098512
-181.751011,242,1887.241947
-116.419772,251,1889.455209
-121.206068,348,1892.513786
119.506558,587,1897.712455
66.47046,660,1903.555222
204.438656,434,1907.38863
259.234821,419,1911.091468
252.40674,363,1914.316958
229.956149,394,1917.785446
254.658756,335,1920.774502
-183.064106,276,1923.228015
176.995687,451,1927.23879
-374.572377,406,1930.794857
-7.529373,238,1932.888665
-74.280964,275,1935.318696
-32.673551,269,1937.749561
195.575197,508,1942.231413
176.680281,598,1947.529846
249.891228,372,1950.793107
-55.551975,210,1952.682395
-33.854168,233,1954.71718
-220.105431,341,1957.705941
231.434851,491,1962.041004
7.721287,101,1962.935619
200.388929,714,1969.245098
278.583857,345,1972.272666
-156.0859,108,1973.2198
-164.252022,131,1974.370464
-47.748604,213,1976.263244
195.084157,494,1980.620865
153.329848,435,1984.411895
249.469118,300,1987.086407
275.716409,288,1989.634764
188.369202,357,1992.797748
-29.893723,344,1995.853635
-34.872335,260,1998.151678
-308.408591,292,2000.749242
-196.895199,194,2002.470012
219.42686,374,2005.791693
197.444566,391,2009.236868
-61.52538,134,2010.436694
203.500477,381,2013.782696
-298.886404,629,2019.350923
-188.750086,379,2022.743423
-306.932132,287,2025.28011
-104.319903,366,2028.545358
-448.342551,238,2030.699162
-260.527534,309,2033.407863
228.661986,436,2037.254332
-94.737836,80,2037.972498
-90.057299,358,2041.14145
-65.622041,221,2043.11337
-48.350589,378,2046.464859
165.694557,573,2051.590282
-268.457555,300,2054.257336
236.391884,320,2057.087727
234.718427,318,2059.906123
-214.223613,813,2067.143186
269.852081,334,2070.120614
-32.709771,1000,2079.062277
-31.399397,207,2080.896549
-54.202617,291,2083.459049
-262.628991,464,2087.533964
-93.300283,312,2090.274831
-106.833079,379,2093.647014
244.564242,329,2096.533919
214.814061,444,2100.458686
211.70168,398,2104.011333
219.662369,370,2107.259832
118.515319,799,2114.322323
247.554397,384,2117.704762
-288.806065,316,2120.514687
179.848203,453,2124.511957
-6.428177,219,2126.518431
-60.080543,419,2130.233315
-20.840816,322,2133.108222
268.303183,305,2135.810265
-47.340857,299,2138.465627
244.123382,430,2142.215382
248.341083,378,2145.591203
-235.886052,452,2149.591407
269.600446,381,2153.029838
218.867637,529,2157.765276
-71.203077,169,2159.261996
-104.983364,345,2162.303419
243.715414,339,2165.323351
-47.736532,162,2166.746844
-81.103913,91,2167.574958
178.524631,472,2171.730028
221.606014,428,2175.572521
263.057171,385,2178.942646
236.775677,403,2182.482262
-405.98381,153,2183.824607
-859.909005,199,2185.590374
114.207242,770,2192.47565
-286.682312,239,2194.596483
223.80558,508,2199.099098
-172.963529,212,2200.98351
246.576437,345,2203.997509
-120.538378,142,2205.285955
204.016633,601,2210.60185
-120.837404,126,2211.751542
247.6601,387,2215.159536
-52.731427,385,2218.608167
-139.40484,595,2223.896143
-192.835957,326,2226.796896
207.52171,499,2231.240546
233.001374,345,2234.270149
204.761622,904,2242.260719
-204.100486,348,2245.328098
-46.779446,252,2247.573097
158.297316,494,2251.979757
-28.922043,207,2253.811026
-266.69127,127,2254.90719
242.957728,193,2256.629581
218.67896,400,2260.189127
220.91861,373,2263.500571
-139.843794,318,2266.309429
-141.030344,143,2267.599123
-39.305868,319,2270.426018
-89.007293,143,2271.693689
-262.93161,310,2274.468086
124.868176,1000,2283.327202
144.30916,525,2287.97806
152.119719,583,2293.148455
-28.968093,223,2295.133073
-75.867183,195,2296.873991
226.315032,539,2301.66271
271.441999,302,2304.356054
275.471509,369,2307.594717
266.414446,259,2309.891562
144.052401,506,2314.356886
-227.125436,418,2318.049412
-86.551789,545,2322.834774
-202.217384,209,2324.692233
-214.770667,373,2328.013207
229.816766,358,2331.188974
254.482436,434,2335.039344
13.707135,270,2337.408159
162.129554,712,2343.718513
251.146831,320,2346.554088
-183.155637,240,2348.732361
237.803415,442,2352.644119
-149.38017,102,2353.564726
-46.777784,186,2355.21814
231.435367,304,2357.922552
157.214995,493,2362.280251
-74.630663,205,2364.100669
270.310364,261,2366.392069
-71.450505,448,2370.379652
-43.225529,224,2372.36742
184.303395,499,2376.792117
-179.845992,591,2381.992042
-170.466792,347,2385.058513
-197.033551,217,2386.970804
202.510789,473,2391.155394
-237.323589,265,2393.526353
-250.045091,346,2396.590312
-42.853183,456,2400.600551
-94.72964,218,2402.524323
-76.670045,295,2405.127907
3.091221,239,2407.26521
-224.986517,560,2412.273114
59.486373,220,2414.254109
-56.836152,210,2416.114432
-69.648711,404,2419.64029
252.000221,276,2422.069153
75.257402,706,2428.394608
241.066575,394,2431.855655
233.269866,404,2435.388108
-123.961898,478,2439.654841
100.733546,762,2446.417204
251.157666,357,2449.609397
187.558635,545,2454.535064
-90.996483,253,2456.781351
191.255933,389,2460.222019
232.330012,426,2464.029649
-151.728795,218,2465.955771
-239.508445,273,2468.37109
244.167878,410,2472.001746
240.258415,415,2475.644366
180.414267,636,2481.253731
84.609386,1000,2490.082851
-42.31904,371,2493.385412
159.663521,353,2496.507603
-202.611604,472,2500.725621
222.725483,320,2503.543026
-49.853953,279,2506.022964
1.50347,122,2507.10363
155.246748,354,2510.254181
-85.013332,417,2513.967057
175.18517,436,2517.810613
-181.642509,244,2519.982418
220.404938,395,2523.479424
210.106131,431,2527.273136
230.558111,399,2530.831889
196.109597,414,2534.551647
178.337008,567,2539.596065
-15.750316,308,2542.351169
-251.814402,158,2543.748038
265.909567,330,2546.655978
284.506625,207,2548.465246
286.782514,298,2551.103964
300.118977,240,2553.233801
269.988217,288,2555.783127
222.572968,213,2557.648536
189.929149,750,2564.241947
205.624375,484,2568.53125
217.336457,425,2572.311815
-164.141213,238,2574.438605
167.055933,761,2581.197706
-206.791917,607,2586.579142
-9.072628,342,2589.66622
230.585553,382,2593.039239
-40.694537,285,2595.577079
49.713578,1000,2604.411843
-35.531145,110,2605.391151
-120.950281,623,2610.87781
240.411746,391,2614.350958
276.604477,278,2616.848792
-187.682443,321,2619.703682
-223.896191,238,2621.818015
171.094869,365,2625.080794
226.380011,498,2629.451316
13.793262,1000,2638.404686
-303.419907,268,2640.795455
237.251142,386,2644.294519
211.82557,293,2646.93419
-153.473606,183,2648.584937
169.747223,528,2653.278057
-207.848052,379,2656.618059
241.491489,340,2659.58291
221.940252,517,2664.129075
163.223379,924,2672.300501
-123.092803,117,2673.330148
275.862281,408,2676.95117
134.132211,464,2681.113657
210.121952,572,2686.212265
-126.479447,216,2688.168553
135.390719,610,2693.570413
-198.904923,287,2696.14685
-230.216014,118,2697.197861
188.954297,437,2701.051074
170.554507,878,2708.874122
224.058581,350,2712.006536
181.356022,585,2717.171933
-202.22831,274,2719.604834
131.868741,717,2725.96795
238.066047,386,2729.381111
163.875413,485,2733.699524
189.777553,631,2739.346575
101.791698,732,2745.788248
173.41859,353,2748.905216
191.755152,395,2752.422195
256.458717,172,2753.955954
-150.368594,209,2755.834742
278.442344,235,2757.919029
-136.049861,298,2760.551033
12.350064,317,2763.337435
231.099842,281,2765.853322
146.258745,506,2770.290466
133.797928,465,2774.403526
100.555762,692,2780.571566
287.507062,265,2782.916607
260.799656,231,2784.972386
150.111287,617,2790.477105
22.247466,233,2792.526369
-325.990613,767,2799.365814
231.573159,414,2803.04163
226.834891,443,2806.980002
-199.197013,477,2811.248566
167.06411,575,2816.34399
255.48697,359,2819.534449
240.095296,373,2822.831126
-43.101346,455,2826.880264
238.632823,438,2830.75785
160.910056,482,2835.022947
221.226786,362,2838.21187
193.39967,439,2842.07914
225.420675,356,2845.232088
-256.779127,313,2847.986493
234.331072,433,2851.835526
-6.301942,193,2853.54326
-73.250261,339,2856.550721
-47.827453,261,2858.850538
225.113758,282,2861.32987
-82.590862,272,2863.70569
203.540419,538,2868.464016
-80.826389,194,2870.200751
245.404949,355,2873.3307
-3.307479,281,2875.825077
122.342499,702,2882.079516
241.162186,389,2885.499017
192.578532,421,2889.239813
207.479434,420,2892.922815
238.302559,259,2895.27472
181.309514,804,2902.401293
230.892465,539,2907.20833
-47.107719,192,2908.923061
11.090956,308,2911.649641
217.29253,497,2916.028273
227.730967,315,2918.819904
18.444021,323,2921.671911
216.201874,451,2925.668633
198.559027,312,2928.482986
-193.236191,190,2930.154196
-36.959557,367,2933.458638
237.12231,371,2936.783846
-101.336854,339,2939.790257
-7.17195,183,2941.411405
-211.522917,239,2943.578206
-11.47362,210,2945.463717
274.724569,326,2948.386681
196.126957,391,2951.802161
-109.057692,250,2954.018618
259.158247,457,2958.095706
265.459869,267,2960.445555
-39.579264,74,2961.101656
222.297015,353,2964.201118
243.414722,538,2968.98004
125.040063,743,2975.551516
250.330717,338,2978.540568
251.114377,480,2982.843507
-87.289481,365,2986.073024
172.59021,279,2988.502326
20.785934,161,2989.946553
184.457433,651,2995.695508
-269.430246,571,3000.738008
-92.524813,343,3003.754458
272.014276,371,3007.05108
260.633246,348,3010.133994
247.892165,388,3013.547961
216.602053,433,3017.341477
276.994397,298,3020.003736
-207.725371,244,3022.163516
220.341214,546,3026.997963
-260.744911,313,3029.762027
-117.731758,226,3031.745498
-26.158874,385,3035.179986
252.374182,275,3037.627344
241.630235,352,3040.757472
179.054461,375,3044.082057
-12.751973,1000,3052.872911
-267.76261,232,3054.912735
201.257948,698,3061.076694
-126.769155,159,3062.479887
-175.54947,125,3063.566051
276.648763,311,3066.327128
-268.65176,484,3070.580466
264.67704,297,3073.186369
141.018705,566,3078.223003
223.088655,409,3081.863266
214.865817,573,3086.912167
255.438665,331,3089.850568
221.143637,282,3092.371717
-227.42602,340,3095.416378
-24.85278,147,3096.719556
-80.070497,450,3100.656177
-127.280466,124,3101.747858
196.237456,544,3106.596071
172.064742,605,3111.974024
-235.411764,393,3115.47567
235.607207,229,3117.501463
110.418513,587,3122.630536
-0.411488,284,3125.216914
-16.285946,319,3128.043877
197.213309,371,3131.361529
263.098255,310,3134.112902
215.380549,365,3137.31641
-89.888783,126,3138.453951
-2.056138,225,3140.445251
272.589817,319,3143.262857
236.932419,257,3145.540684
186.00351,516,3150.123806
205.149453,333,3153.090413
-227.177666,320,3155.921314
-128.756881,144,3157.222995
294.527459,235,3159.312787
51.543737,1000,3168.208033
-60.047558,183,3169.843264
269.158741,295,3172.415602
135.5849,1000,3181.374758
279.963088,221,3183.337039
253.904439,402,3186.871134
-45.248434,468,3191.076036
-74.290907,295,3193.706394
258.42272,376,3197.070563
118.445534,550,3201.952785
-261.974467,349,3205.087397
-164.947091,113,3206.105266
-180.346713,200,3207.870592
235.606804,391,3211.362249
-254.777117,478,3215.592873
-36.313676,316,3218.462505
-140.74024,173,3220.01677
274.137615,278,3222.461129
67.149394,130,3223.629466
246.229563,381,3227.02278
255.082243,421,3230.720785
-40.584917,297,3233.374178
197.986806,427,3237.154248
242.982381,289,3239.717492
-60.441284,1000,3248.606874
222.330196,604,3253.925844
247.237349,354,3257.020832
273.929525,284,3259.507199
-19.927081,329,3262.462128
267.957022,228,3264.47111
254.740475,272,3266.87895
198.796214,467,3270.995034
19.76642,218,3272.920826
-146.576151,113,3273.928972
-37.84905,149,3275.283147
205.563605,456,3279.300359
305.81958,202,3281.133117
-60.774573,215,3283.037894
191.4401,395,3286.569266
129.004746,1000,3295.498691
212.516721,627,3301.037173
-136.126267,107,3302.02182
268.257276,642,3307.707454
-53.374772,247,3309.888759
212.655953,834,3317.290247
13.707142,233,3319.350058
86.476823,1000,3328.239547
222.39062,437,3332.076783
197.450383,332,3335.009718
-17.36406,208,3336.845141
136.341943,1000,3345.67703
245.972418,251,3347.927008
-60.421138,266,3350.283331
204.691895,380,3353.679505
268.321346,272,3356.072937
-25.267129,373,3359.357593
235.113189,282,3361.820622
234.357871,266,3364.130722
-51.484873,208,3365.958491
-14.354434,131,3367.129646
289.429301,210,3369.017908
229.7953,427,3372.779409
196.453477,555,3377.688782
243.667805,368,3380.930217
173.798381,529,3385.59487
17.201464,117,3386.62165
-52.001093,210,3388.495428
223.003931,373,3391.796869
-68.280437,156,3393.188049
175.240616,665,3399.030838
225.363373,464,3403.138917
231.524976,406,3406.723927
135.944845,1000,3415.601004
221.96758,394,3419.111025
-65.884041,230,3421.129024
122.517421,575,3426.187749
266.569755,364,3429.440098
-20.371874,201,3431.236878
193.126467,732,3437.755969
238.170775,277,3440.171812
193.073063,428,3443.97978
-50.01859,534,3448.686474
268.063425,404,3452.279454
115.785025,697,3458.417497
229.614716,262,3460.730651
214.078258,239,3462.880474
254.038899,284,3465.395383
-8.479498,268,3467.783882
245.169006,291,3470.372896
-106.461318,274,3472.775137
249.745057,364,3475.992597
42.910785,217,3477.919358
-194.293459,288,3480.463681
-218.99824,287,3482.983067
-171.904328,150,3484.318333
-178.331662,257,3486.562994
-222.813702,295,3489.196833
-89.685692,412,3492.910036
242.941144,357,3496.082471
241.159249,299,3498.728857
221.655144,522,3503.375643
-87.153815,416,3507.035509
-18.862378,253,3509.278322
201.522906,530,3513.994488
246.270897,398,3517.50899
-141.348693,145,3518.806796
210.572047,424,3522.573328
-196.843379,232,3524.652696
216.669587,398,3528.160868
183.030211,428,3532.021973
-9.945944,292,3534.628339
-125.317469,362,3537.855968
212.946649,543,3542.686245
121.560355,791,3549.827493
-106.324831,222,3551.801411
140.874708,545,3558.542135
-215.807671,207,3560.392944
220.985186,359,3563.604546
-209.716242,317,3566.429485
-91.299363,670,3572.4663
-187.410408,321,3575.275698
259.404358,352,3578.395685
222.859106,500,3582.889526
25.243204,1000,3591.794734
-144.721918,573,3596.854496
253.61797,409,3600.50229
-295.24676,362,3603.726748
-247.707823,273,3606.125097
-125.266526,358,3609.325674
246.935965,489,3613.759933
-400.731489,223,3615.75422
190.397762,479,3619.977492
-15.04298,229,3622.009289
28.636897,214,3623.925767
256.243318,307,3626.687142
232.221853,364,3629.917754
227.817021,377,3633.27183
125.363149,949,3641.659727
-90.544891,253,3643.915067
53.803159,221,3645.868863
198.996181,599,3651.19813
-238.649621,420,3654.865813
196.927893,537,3659.648904
-265.475505,777,3666.580454
-46.467562,265,3668.932964
245.886941,358,3672.098997
146.902231,758,3678.819348
157.660568,300,3681.467246
166.880542,395,3684.965208
234.412515,512,3689.471821
-192.750487,275,3691.898488
250.848207,873,3699.656779
224.751741,415,3703.364548
210.592968,535,3708.093441
248.922422,278,3710.518995
-11.243009,203,3712.317229
234.437857,320,3715.156106
299.556329,276,3717.617974
-159.290103,266,3719.964807
-176.99281,246,3722.159583
-71.624956,392,3725.666361
-232.05066,252,3727.878694
200.090331,502,3732.371346
217.764565,398,3735.934039
-220.63723,211,3737.805792
8.299029,303,3740.499761
-151.359709,1000,3749.364086
-18.051267,354,3752.469142
154.136021,549,3757.33881
-173.620528,162,3758.78015
-122.934675,344,3761.826569
-35.50222,186,3763.463801
187.697583,581,3768.632606
153.656743,488,3773.03426
-159.296211,324,3775.907679
254.993817,308,3778.618511
287.394417,316,3781.409027
-8.879505,1000,3790.283651
-186.641576,289,3792.844665
-9.236914,313,3795.645719
24.951656,274,3798.060073
255.303746,292,3800.670115
170.795233,667,3806.557624
201.334553,283,3809.085973
-112.596352,622,3814.631483
287.762509,318,3817.450614
-35.520344,242,3819.580408
182.658432,655,3825.350107
103.606902,1000,3834.33664
262.496571,286,3836.929122
-75.809043,1000,3845.871585
237.863367,431,3849.673847
155.11857,551,3854.600818
70.012868,813,3861.805022
-1.392166,1000,3870.659503
197.787944,476,3874.868632
102.558543,590,3880.143599
-239.681529,338,3883.154709
274.52288,286,3885.671217
39.771549,135,3886.897916
313.639836,208,3888.735683
135.390592,555,3893.666999
-195.310135,171,3895.179349
220.315132,239,3897.285849
200.667715,480,3901.459426
265.198475,326,3904.381335
257.53191,284,3906.927219
-149.125184,210,3908.78848
268.014725,319,3911.622886
248.587134,423,3915.383861
-67.765829,356,3918.55135
-228.899057,216,3920.499143
-13.103292,277,3922.949987
-39.434908,323,3925.836895
200.420053,457,3929.916595
217.616954,336,3932.890198
-26.925315,92,3933.707337
262.701513,414,3937.410407
-12.568671,192,3939.126668
244.575303,342,3942.155256
196.487355,399,3945.703899
249.913114,314,3948.518604
241.131576,330,3951.416494
227.459952,455,3955.427339
-76.905455,208,3957.26473
195.605351,647,3962.977688
184.482014,448,3966.941277
52.483888,1000,3975.867432
-84.299395,288,3978.42893
-247.578024,317,3981.298169
-245.853195,261,3983.585513
-70.858876,258,3985.842355
237.877496,409,3989.442365
206.871967,488,3993.819686
-44.890309,199,3995.603922
-154.155103,225,3997.581198
-203.310373,218,3999.527303
-15.818606,1000,4008.361955
146.174107,1000,4017.186723
180.369083,530,4021.897069
136.845352,797,4029.009568
264.017674,377,4032.338567
220.128347,329,4035.287201
-53.950588,138,4036.511373
278.730552,271,4038.933091
215.681525,367,4042.1811
-49.857045,125,4043.288765
253.945895,227,4045.325082
239.719114,247,4047.494379
262.19575,497,4051.92571
240.968166,286,4054.478087
252.916983,321,4057.359486
184.004105,657,4063.217949
227.226589,414,4066.90454
277.427744,284,4069.416361
234.318672,306,4072.108197
-257.18491,126,4073.196511
-165.257758,138,4074.409713
-0.135834,243,4076.567988
282.561275,205,4078.366245
-131.004077,185,4080.013464
242.668616,193,4081.72123
-68.025962,199,4083.50098
265.704111,243,4085.68774
225.676815,315,4088.499817
73.542347,1000,4097.389696
-11.445167,219,4099.346042
167.658848,437,4103.244576
232.933301,330,4106.153629
170.292694,612,4111.633072
-122.82062,140,4112.897272
-69.895623,242,4115.039068
30.165425,130,4116.166236
222.16944,388,4119.620557
-24.945691,191,4121.268287
245.298084,283,4123.753603
-288.512042,392,4127.260646
172.202952,628,4132.825623
229.368768,540,4137.672005
234.05006,320,4140.496437
-189.248986,194,4142.229673
-183.338809,201,4144.00345
-12.570024,87,4144.760059
-26.166065,213,4146.651824
-57.331451,188,4148.329291
-88.29282,303,4151.070184
-32.815183,283,4153.587024
-149.176395,125,4154.699873
271.825504,255,4156.916187
280.458477,256,4159.141519
137.811221,667,4165.060186
-6.563626,226,4167.057475
-177.998626,156,4168.478867
-109.232316,128,4169.621034
-133.192273,220,4171.556788
84.670758,1000,4180.46023
203.061083,316,4183.287862
-151.733245,176,4184.829306
-6.875898,200,4186.580549
124.818932,665,4192.440389
-182.486745,278,4194.894244
248.95523,358,4198.089413
-29.632058,181,4199.694155
233.76874,374,4203.018137
209.476839,384,4206.369592
250.926697,327,4209.283997
-264.219116,173,4210.802903
-267.562268,639,4216.451953
267.22965,279,4218.903806
-75.632528,175,4220.455379
208.98703,317,4223.23628
188.268472,455,4227.266364
-25.527839,219,4229.18734
207.703017,331,4232.116818
-193.337116,167,4233.610556
243.538795,257,4235.912408
-222.972719,324,4238.781816
236.688046,452,4242.735047
-178.81323,160,4244.153958
-199.814801,358,4247.360882
232.72655,371,4250.633827
255.027432,287,4253.18633
63.924546,109,4254.156967
-213.882504,162,4255.608178
193.369211,613,4261.083254
-23.606589,346,4264.157352
242.384002,320,4266.95122
-116.21558,208,4268.819677
213.596835,687,4274.918947
214.881759,336,4277.923197
-148.906435,361,4281.077204
242.130294,361,4284.256134
-111.447904,1000,4293.141987
215.265875,420,4296.841012
-175.797008,206,4298.68128
257.636133,236,4300.785084
-213.967034,181,4302.392301
207.173276,271,4304.81718
-233.187863,265,4307.145988
237.328671,319,4309.967034
-4.555221,137,4311.186728
214.455478,392,4314.651192
250.737401,324,4317.503263
214.835335,505,4321.948224
-234.262319,160,4323.339411
38.489337,88,4324.141528
37.901092,129,4325.297673
-225.648185,369,4328.564093
-130.976918,197,4330.347378
-63.707232,507,4334.885511
294.634698,325,4337.772866
-274.836491,370,4341.07144
217.708919,283,4343.565785
-222.619223,432,4347.408542
86.157495,587,4352.687991
-276.148293,423,4356.444829
-195.910304,177,4358.008577
227.204968,506,4362.462829
-131.343021,128,4363.611017
-90.106817,270,4366.029374
184.275068,573,4371.057561
265.257144,273,4373.499084
-87.334547,128,4374.628251
-215.957522,292,4377.217616
232.68401,196,4378.943694
46.952588,206,4380.762444
241.613034,360,4383.978894
-41.856569,140,4385.190741
248.687996,443,4389.095315
-248.142543,122,4390.19297
-171.867987,281,4392.686349
-82.309605,171,4394.211585
256.61538,304,4396.883483
243.949233,348,4400.006003
-106.475126,120,4401.092631
8.806843,138,4402.304339
-20.234083,201,4404.098042
-261.826057,342,4407.195001
2.870206,175,4408.778213
-204.540238,459,4412.818461
268.259764,394,4416.326221
213.9087,499,4420.746012
-59.976403,132,4421.932189
-192.316137,225,4423.946455
177.482944,693,4430.170294
-225.256663,179,4431.780708
-91.349018,248,4434.003022
177.207989,444,4437.966609
186.03856,493,4442.309736
-192.364148,251,4444.581869
-163.657655,158,4445.990067
-263.848885,265,4448.36644
-300.584781,145,4449.649216
-290.521652,215,4451.542488
-30.030479,238,4453.640776
-29.813085,227,4455.660717
224.739364,309,4458.44611
278.244337,315,4461.264682
111.31362,1000,4470.14432
-249.187823,169,4471.631402
-78.998314,299,4474.254278
-254.981023,245,4476.43026
-88.547617,412,4480.078776
256.241083,325,4482.981418
32.277859,121,4484.04206
218.284845,400,4487.612904
250.590515,360,4490.802
229.539076,309,4493.503855
-56.87304,220,4495.478632
-215.218363,164,4496.94602
-261.670679,174,4498.50076
23.389632,211,4500.367538
279.573777,219,4502.327832
-36.684779,271,4504.741192
-41.48551,238,4506.809165
65.146275,109,4507.75931
270.974018,407,4511.354364
-32.478599,164,4512.847614
-222.637053,334,4515.808702
202.181352,680,4521.81925
-181.923335,237,4523.914697
241.80625,259,4526.251684
-26.173296,242,4528.387506
-236.815811,229,4530.435321
-146.168989,116,4531.502477
193.127032,482,4535.797118
224.360948,862,4543.419706
-243.693271,252,4545.647063
-178.660154,310,4548.381611
201.05907,385,4551.785047
273.681463,339,4554.763373
184.795557,490,4559.11684
197.974726,261,4561.446162
287.905441,286,4563.998736
254.129688,296,4566.625633
-213.508034,226,4568.641123
228.633258,714,4574.90522
187.349457,431,4578.718962
272.618408,282,4581.203808
191.372989,703,4587.417151
255.500625,298,4590.055709
-58.720058,138,4591.301377
221.554018,451,4595.303023
-120.069766,141,4596.565709
203.167161,455,4600.573422
107.238756,710,4606.843824
-218.495277,227,4608.880192
281.703523,347,4611.936129
309.275168,226,4613.929873
-22.83405,327,4616.840949
228.350395,444,4620.761655
-21.034928,202,4622.556569
38.37454,242,4624.679365
276.057092,284,4627.190589
-211.432216,228,4629.223379
180.601799,587,4634.408942
286.043888,298,4637.02781
255.506911,351,4640.158276
-5.599673,203,4641.97505
233.710875,450,4645.986131
141.216701,430,4649.793379
252.921251,340,4652.837988
1.93092,254,4655.068308
174.795395,739,4661.571058
-19.564224,180,4663.16897
151.101523,496,4667.575095
-252.176925,308,4670.325273
107.207861,1000,4679.127177
-158.058971,118,4680.176849
237.133283,331,4683.130774
-21.584967,162,4684.561483
181.754321,773,4691.427418
224.299846,551,4696.33232
-1.282735,242,4698.468146
-186.918117,158,4699.881347
249.160362,296,4702.485331
-48.173435,194,4704.210065
159.282449,928,4712.474656
-18.777893,160,4713.841361
240.578685,316,4716.616734
-133.523712,205,4718.388988
-70.451769,281,4720.922972
-258.291072,304,4723.606205
-171.368932,174,4725.147933
31.591165,127,4726.275101
-18.999887,298,4728.934476
270.044245,380,4732.288574
141.175143,1000,4741.202035
181.033963,570,4746.259392
-158.32619,221,4748.205871
214.790542,439,4752.101424
-23.38359,199,4753.882185
-232.821155,414,4757.540713
107.523256,1000,4766.45084
214.571226,340,4769.48979
-215.273063,180,4771.10118
214.838442,451,4775.087409
166.078991,595,4780.340137
252.489743,245,4782.544505
234.431123,488,4786.858497
20.649574,211,4788.704261
24.88851,224,4790.704186
-144.398691,173,4792.236392
262.90314,426,4796.010413
120.74785,606,4801.362814
230.556876,292,4803.960659
-275.485573,418,4807.646331
-22.449454,191,4809.302578
241.792236,360,4812.461534
-36.909127,323,4815.325536
187.103647,599,4820.622788
-150.161438,125,4821.752592
-79.717298,290,4824.333512
273.037678,161,4825.778705
-67.030126,138,4827.022411
16.794405,224,4828.997719
262.603724,246,4831.147591
218.591916,419,4834.884648
-1.867649,196,4836.621027
-24.868975,196,4838.35128
-102.092282,217,4840.25558
-3.609221,197,4842.019959
198.324486,404,4845.563947
-210.608085,259,4847.85482
-24.175821,293,4850.433169
255.881596,345,4853.503772
245.411998,380,4856.951895
-57.819421,97,4857.823032
-50.037506,133,4858.985184
-188.123576,195,4860.722957
30.324095,79,4861.429156
241.320395,318,4864.235763
79.717446,862,4871.865547
-169.829244,224,4873.87161
-60.885673,236,4875.937409
127.796593,708,4882.202426
244.886565,385,4885.602937
271.584004,258,4887.896491
-81.887124,121,4888.973155
218.397387,389,4892.429615
-247.914789,353,4895.579701
-79.744995,210,4897.414637
216.996725,411,4901.091139
252.731145,301,4903.768
-142.679669,1000,4912.586817
0.332775,125,4913.707973
18.166987,229,4915.715788
-247.73343,349,4918.787317
-2.357386,185,4920.433065
-61.307481,374,4923.723584
2.960569,107,4924.675708
-44.864763,297,4927.284606
132.207137,1000,4936.120578
-165.130102,178,4937.672311
-241.124759,178,4939.237056
7.936361,205,4941.034287
280.959897,377,4944.371957
217.182723,517,4948.979655
183.304221,771,4955.87973
-270.546661,476,4960.114529
10.705446,209,4961.971346
240.130039,324,4964.865252
-201.224726,246,4967.033616
-7.304396,239,4969.131069
177.560891,572,4974.183469
33.479807,125,4975.292213
-125.762505,288,4977.843239
284.784658,326,4980.779175
49.103661,267,4983.178176
-74.430523,210,4985.043981
-63.922872,229,4987.106275
19.481029,207,4988.925056
193.609229,325,4991.828489
-261.747924,237,4993.923505
-104.96698,241,4996.062335
-175.340529,221,4997.998776
261.987555,331,5000.964704
-149.335488,561,5005.941148
247.149686,316,5008.783184
212.571193,433,5012.588202
261.493702,401,5016.171319
-172.219029,181,5017.826065
157.212332,676,5023.807189
221.073197,296,5026.420062
136.169177,743,5033.016366
206.561414,461,5037.075607
-12.563579,263,5039.412822
-220.815872,357,5042.57948
165.160994,531,5047.334224
253.480496,304,5050.047751
-39.362193,250,5052.267359
-298.410446,733,5058.749341
-8.303558,303,5061.407623
-43.278227,200,5063.193875
-198.015494,299,5065.809256
214.709006,570,5070.911665
-10.785691,177,5072.528403
-71.82501,217,5074.507705
276.061037,343,5077.582684
235.204745,453,5081.660787
-41.740581,483,5085.901088
253.113371,386,5089.283597
-31.881272,182,5090.89882
283.109551,253,5093.157637
-238.839244,535,5097.934936
262.277505,344,5100.983047
246.880694,320,5103.803467
55.43252,828,5111.177067
-216.7579,390,5114.606023
-289.90226,485,5118.934978
242.75763,373,5122.220252
250.781592,427,5126.017291
-47.463006,196,5127.775239
251.593669,247,5129.951771
220.821678,355,5133.101712
-44.029419,252,5135.352518
-24.48426,165,5136.827214
-69.28584,202,5138.66858
219.685553,280,5141.180594
-183.557524,167,5142.663302
200.385922,228,5144.685583
-124.753417,183,5146.313447
-227.92978,336,5149.288419
-184.631692,285,5151.806938
264.851477,266,5154.150271
10.031195,185,5155.785156
-223.843072,183,5157.416396
150.591615,426,5161.437259
-147.834095,666,5167.447683
223.679156,356,5170.682443
-200.349433,209,5172.586702
258.195702,449,5176.707817
271.02792,277,5179.235533
157.976886,670,5185.341938
28.587892,206,5187.180873
226.930275,305,5189.938265
137.519432,526,5194.673459
-30.094824,197,5196.4267
-166.223467,270,5198.815049
208.566983,306,5201.513907
245.294026,300,5204.155967
249.086116,387,5207.546093
143.476497,1000,5216.347989
-59.357073,167,5217.84186
22.093574,141,5219.079298
115.593403,877,5226.884364
199.548036,388,5230.339083
-174.417433,353,5233.491747
206.800402,419,5237.229776
144.423664,1000,5246.020396
-83.695202,189,5247.697289
204.752346,577,5252.778975
-150.581549,201,5254.544705
299.449177,280,5256.992221
-3.582846,227,5259.003547
-48.115283,149,5260.305226
180.141486,658,5266.124248
188.687297,507,5270.693897
220.040563,337,5273.737841
236.447472,234,5275.845135
-20.695818,423,5279.600181
271.846248,307,5282.330061
175.521723,377,5285.662562
273.981324,221,5287.596869
122.155155,901,5295.591239
246.602495,311,5298.358335
180.614064,752,5304.997743
-57.769653,546,5309.835549
-177.16741,183,5311.464436
297.345277,259,5313.802264
-85.854789,134,5315.00546
164.41738,608,5320.450758
261.350671,279,5322.901325
-48.391289,182,5324.538527
273.981556,239,5326.686831
-5.215862,221,5328.653122
209.744693,395,5332.166628
114.54917,926,5341.876606
-57.779907,199,5343.642359
129.434611,796,5350.670666
130.712751,1000,5359.519104
305.332454,279,5362.02815
271.309874,377,5365.397713
240.896341,211,5367.266156
-74.981078,119,5368.329813
-58.184797,157,5369.724763
286.340134,369,5372.977257
-2.865857,198,5374.728095
206.935047,372,5378.072254
254.018523,366,5381.3855
241.080477,305,5384.074907
122.246215,864,5391.73449
228.198115,363,5394.974506
-306.061959,652,5400.774224
213.738689,246,5402.965723
-242.556749,238,5405.098113
-193.391231,251,5407.309113
53.023188,124,5408.445762
226.298815,345,5411.52193
-311.883553,570,5416.588774
28.204206,160,5417.995102
-164.165182,406,5421.620613
-9.62787,157,5423.031026
-43.378159,334,5425.973913
254.594497,349,5429.117061
195.535188,574,5434.252473
288.117323,239,5436.433302
271.343912,271,5438.836637
195.066097,459,5442.912418
-54.525025,129,5444.055555
255.043525,240,5446.184877
190.896763,482,5450.503524
279.835187,365,5453.728127
-8.756601,334,5456.689252
34.550873,185,5458.327474
-111.554138,343,5461.37291
273.3018,264,5463.692273
-31.540981,174,5465.245976
-194.635904,456,5469.315746
299.242198,335,5472.299884
264.439446,304,5475.008777
-82.343144,288,5477.565773
199.168671,696,5483.7108
234.983751,451,5487.711039
225.710425,318,5490.5127
307.544351,256,5492.794489
-190.721604,172,5494.327181
218.784419,221,5496.289452
-240.489865,253,5498.509331
201.528106,456,5502.557949
287.042422,436,5506.436609
228.707168,394,5509.925815
254.593459,299,5512.588163
164.455387,462,5516.663708
-2.671861,212,5518.543532
-187.728378,125,5519.6262
233.149824,407,5523.214854
-57.060392,374,5526.536318
-162.55956,121,5527.620474
267.655235,326,5530.515889
219.363053,275,5532.942195
250.710042,576,5538.100173
263.599264,408,5541.753852
206.263082,350,5544.835256
252.04344,312,5547.61137
-86.687052,142,5548.886053
-184.947173,208,5550.745493
-77.297052,262,5553.045834
176.325349,334,5556.018332
225.72664,457,5560.068938
-179.398502,372,5563.348942
229.10006,426,5567.125481
144.403568,561,5572.095765
-76.203052,335,5575.06632
289.766978,239,5577.199613
178.863201,557,5582.125292
253.7063,247,5584.312263
209.107766,372,5587.61726
233.12413,304,5590.346789
213.101644,501,5594.789048
233.573141,458,5598.844424
-289.374293,430,5602.695132
53.518689,910,5610.806926
204.678515,621,5616.380202
-53.116172,276,5618.825053
-19.111988,428,5622.608274
-137.261791,221,5624.586076
-35.745225,177,5626.126842
-62.949369,95,5626.974497
-135.560364,164,5628.438249
7.075409,141,5629.697444
255.204361,307,5632.407901
27.011403,216,5634.313671
2.740301,273,5636.741549
13.801531,142,5637.994752
-271.354044,286,5640.566275
-67.393805,128,5641.714452
-217.613125,202,5643.530218
-214.955304,315,5646.328643
-142.253326,464,5650.436342
243.951276,320,5653.289814
231.705038,286,5655.862837
203.582258,511,5660.432954
272.409311,306,5663.119016
264.705766,234,5665.202819
239.189905,375,5668.526469
235.437261,424,5672.30296
-60.667122,172,5673.800658
227.935936,504,5678.301782
-39.248095,115,5679.345447
6.08987,259,5681.723283
247.800052,379,5685.100247
240.473833,327,5688.029167
14.241606,192,5689.753549
190.137197,401,5693.308713
213.25839,279,5695.789202
-30.468667,222,5697.734205
-223.955261,236,5699.826373
140.93731,900,5707.805178
292.653066,191,5709.49892
203.59238,459,5713.557534
212.975227,395,5717.098842
223.35261,301,5719.75972
-212.0781,326,5722.653476
269.227906,244,5724.814304
249.659579,318,5727.63892
118.905211,1000,5736.582529
200.190566,552,5741.485817
-227.341533,188,5743.133604
-0.81047,177,5744.684332
134.624439,682,5750.712667
276.125739,303,5753.384712
216.99995,599,5758.743135
-4.618191,190,5760.455385
207.04582,449,5764.45396
99.786089,988,5773.256271
238.264353,500,5777.647043
138.423224,861,5785.337667
166.339045,599,5790.743656
-215.904654,208,5792.582964
260.039065,412,5796.309716
162.910226,604,5801.684307
240.6953,344,5804.757263
-111.339608,220,5806.707083
-212.062413,292,5809.298971
201.809248,407,5812.939149
-176.142697,162,5814.384848
-40.055144,190,5816.090592
271.896551,269,5818.527967
104.40036,586,5823.74633
-235.730923,234,5825.841123
221.60674,617,5831.363263
220.618202,254,5833.635611
-79.019182,359,5836.822081
-87.516764,207,5838.682855
123.632785,611,5844.119104
218.748182,593,5849.457455
210.828286,385,5852.912443
-102.576467,255,5855.192883
-87.356442,296,5857.85326
-310.061104,179,5859.470653
-355.62013,206,5861.307912
216.250838,362,5864.566372
227.633376,367,5867.876875
188.48475,575,5872.988362
209.60596,510,5877.494041
237.031361,307,5880.215425
223.701497,346,5883.255423
-167.080683,171,5884.80968
238.203099,408,5888.460238
208.937143,418,5892.214771
232.061334,512,5896.750392
257.716611,609,5902.159749
277.363354,225,5904.161116
-71.146371,283,5906.681477
-96.355217,179,5908.261168
214.42698,884,5916.077633
125.97882,804,5923.267439
-52.603538,286,5925.816793
214.382921,363,5929.086886
220.304232,414,5932.752154
-209.781208,187,5934.430874
-305.251033,203,5936.218968
22.716647,150,5937.555648
-42.950126,166,5939.019873
-61.408305,441,5942.980949
-32.576461,197,5944.738178
229.665914,442,5948.699233
115.962387,1000,5957.603112
230.106151,324,5960.523165
-363.617925,968,5969.123399
144.225414,776,5975.980044
-49.742375,121,5977.034333
172.036606,582,5982.198188
-26.874632,238,5984.309999
-57.683946,157,5985.710214
-216.039943,344,5988.752654
-219.73616,170,5990.260873
206.798044,348,5993.393337
264.716629,224,5995.380268
-91.634503,150,5996.697971
-25.081085,178,5998.305195
-75.729072,277,6000.77909
276.024471,299,6003.465464
-245.62786,289,6005.999327
171.030305,555,6010.917627
255.384073,418,6014.632371
-206.508155,166,6016.121601
42.644201,128,6017.248278
-188.105962,194,6018.987043
114.245493,756,6025.696012
-275.82099,174,6027.242712
245.995993,296,6029.86106
-25.449149,327,6032.76666
224.893675,338,6035.795623
228.034346,287,6038.34962
-219.817261,265,6040.671289
-161.269306,189,6042.361004
103.453291,979,6051.065847
239.182557,347,6054.148813
255.111259,223,6056.136106
-23.372309,246,6058.335043
251.928727,249,6060.529863
-33.479293,117,6061.570487
256.012042,238,6063.670783
235.789016,564,6068.658957
-90.042179,273,6071.037495
-6.598721,205,6072.860525
188.813773,399,6076.391027
245.620424,381,6079.770772
230.36484,344,6082.834656
203.834004,404,6086.457163
-0.252482,198,6088.209394
-82.540256,446,6092.176946
268.618111,324,6095.092344
242.002114,330,6098.028914
204.387655,392,6101.500568
72.061439,131,6102.678949
21.105187,168,6104.16239
204.130551,433,6108.041547
245.402272,258,6110.357894
-77.29456,348,6113.420369
147.573788,1000,6122.339769
157.119447,479,6126.575777
143.860428,1000,6135.472109
-39.725054,177,6137.030895
117.815037,876,6144.79394
-9.696651,392,6148.279782
-59.297991,380,6151.748029
-233.346133,218,6153.67522
-224.703699,291,6156.274543
220.661432,574,6161.37993
219.732936,625,6166.917945
-116.170147,376,6170.299025
9.972856,219,6172.245877
-147.578891,184,6173.918591
-81.718965,206,6175.765328
-118.570817,147,6177.096038
216.840475,411,6180.756686
-269.692908,298,6183.43407
-63.810729,234,6185.521027
-30.699984,119,6186.582372
-211.629729,289,6189.171234
240.651201,358,6192.355459
-297.364232,186,6193.996561
-57.934673,268,6196.40091
-179.99538,223,6198.3737
128.748021,795,6205.529689
-9.206777,127,6206.639528
242.425481,464,6210.833133
25.850897,155,6212.221831
-159.409141,234,6214.318128
-140.678002,156,6215.70796
304.29856,250,6217.952631
216.492882,356,6221.105762
-49.407791,110,6222.068383
196.762018,372,6225.344829
245.867022,366,6228.623842
152.703599,474,6232.870533
190.772439,566,6238.110437
-59.715617,214,6240.082064
-183.824,173,6241.642799
169.252885,490,6246.082184
-99.68408,419,6249.837587
223.443578,260,6252.159394
-80.341754,429,6255.963977
200.377633,221,6257.934324
180.465621,473,6262.12235
103.101311,746,6268.785655
135.54094,848,6276.301899
-203.572725,251,6278.495657
-210.878352,221,6280.467937
232.602869,318,6283.30046
203.032722,561,6288.302272
214.107557,426,6292.108159
-51.377452,416,6295.795637
-193.189304,322,6298.642101
206.872732,299,6301.286299
152.621481,979,6309.938253
140.681308,803,6317.077869
268.69722,409,6320.685085
-270.266822,449,6324.702627
243.320016,260,6327.055998
206.493946,460,6331.153099
-151.456011,216,6333.057523
-43.605801,261,6335.363355
223.2633,362,6338.622771
-14.874311,332,6341.623354
-8.109129,1000,6350.667838
225.178394,609,6356.083298
248.603348,338,6359.110612
239.142573,341,6362.18108
286.352448,288,6364.741979
-101.80793,155,6366.110354
7.463208,187,6367.763097
241.76126,276,6370.249561
289.829057,221,6372.254846
256.771078,384,6375.693353
-17.911982,332,6378.672792
219.638763,435,6382.601345
209.786517,455,6386.694432
240.454101,309,6389.463842
-125.308935,581,6394.656627
259.500222,302,6397.363483
238.489865,397,6400.867157
-214.756385,252,6403.121675
-33.772086,287,6405.65457
-71.632051,408,6409.361772
-188.856909,179,6410.963166
-18.379694,280,6413.458955
-8.598068,356,6416.590882
22.953895,261,6418.912342
-175.922753,118,6419.970484
111.305749,1000,6428.875432
-250.031435,390,6432.326526
107.507704,1000,6441.24314
313.450247,232,6443.316458
-43.332236,209,6445.183739
204.784119,505,6449.677869
195.087179,615,6455.130224
263.652108,390,6458.581411
-87.257324,194,6460.319302
188.968516,299,6462.956663
27.896658,259,6465.249464
-38.727186,254,6467.498778
259.267684,396,6471.038759
236.84145,509,6475.599287
299.471526,386,6479.021263
182.347031,814,6486.211274
-168.841366,139,6487.449452
151.886011,401,6491.051483
-277.879516,311,6493.840358
-38.772624,357,6497.019961
-257.931594,240,6499.157944
-248.279376,273,6501.598634
199.667152,438,6505.481401
3.203611,172,6507.014251
23.941737,192,6508.747539
21.437077,226,6510.780855
128.879271,518,6515.393775
256.74712,334,6518.358193
-64.713952,212,6520.269181
281.896399,234,6522.346503
255.087238,286,6524.892778
-205.135842,358,6528.130149
-102.693415,147,6529.444323
-185.759456,184,6531.070079
-164.536774,145,6532.361701
252.608752,389,6535.822667
197.585502,757,6542.567148
-72.544519,243,6544.735446
254.768178,215,6546.633923
222.931426,327,6549.550825
261.23587,284,6552.072223
-40.770174,529,6556.781179
213.71808,427,6560.605456
-183.887206,380,6564.012508
205.721043,419,6567.763071
224.938071,438,6571.681453
214.586295,422,6575.45098
132.260483,321,6578.312344
290.973989,236,6580.444093
226.621662,335,6583.401529
-235.986496,267,6585.797371
-23.645426,358,6588.963455
240.167431,323,6591.861959
-178.200855,178,6593.408202
166.841703,636,6599.08152
-238.320876,138,6600.305753
-204.251874,180,6601.908435
-40.951484,180,6603.49573
202.568527,319,6606.339612
-67.76982,333,6609.276714
173.251813,1000,6618.229879
255.93634,195,6619.962605
-104.98142,104,6620.892747
-58.883483,107,6621.838878
270.973882,225,6623.853699
-47.679961,1000,6632.754311
-44.91532,244,6634.933105
-52.719531,1000,6643.859686
217.711702,380,6647.259058
113.82995,1000,6656.143779
97.293658,1000,6665.042895
249.068582,274,6667.525395
213.368807,237,6669.685535
147.779205,1000,6678.584939
-16.248278,168,6680.054826
-44.977287,286,6682.626266
236.923292,344,6685.694223
-198.143888,160,6687.116921
290.190834,259,6689.421763
257.444037,397,6692.979281
144.33824,753,6699.684261
244.209583,405,6703.236924
-69.421997,200,6705.00687
17.905782,129,6706.186049
-151.487674,224,6708.218337
-153.411836,113,6709.225485
53.814279,1000,6718.156196
-60.170175,325,6721.097585
240.192677,281,6723.609939
-224.280132,173,6725.120667
-120.715749,238,6727.231481
-143.511549,134,6728.413639
260.416474,647,6734.206971
186.640661,439,6738.163733
-94.82478,705,6744.498521
33.008585,1000,6753.405194
-196.955227,176,6754.982933
201.949321,651,6760.827417
209.907054,307,6763.528327
284.518538,298,6766.157386
-20.604122,325,6769.056834
-93.7676,182,6770.666062
174.503888,1000,6779.516609
232.498154,293,6782.148123
-32.879108,214,6784.080413
204.033326,628,6789.644808
17.428966,234,6791.712785
-29.813737,130,6792.869448
225.808451,421,6796.595525
-126.84696,488,6800.958651
-68.10891,185,6802.592029
262.29028,414,6806.279081
253.883063,375,6809.626721
-337.011481,549,6814.445819
216.523768,377,6817.803471
25.580972,117,6818.859127
-199.167599,196,6820.627354
159.688957,667,6826.510508
218.090526,583,6831.694047
-177.562961,140,6832.922233
236.82063,290,6835.546616
-37.971802,281,6838.031481
-265.759261,190,6839.727401
280.995893,367,6842.958189
-84.067469,378,6846.334133
265.991048,279,6848.833019
-16.010238,202,6850.631946
288.541307,192,6852.33603
223.804181,456,6856.367085
-221.798927,243,6858.5309
68.803367,128,6859.653697
-197.583065,254,6861.893183
-22.114311,203,6863.716453
240.097317,328,6866.616052
218.387698,364,6869.884062
9.460959,178,6871.449769
242.737413,323,6874.356736
-166.775844,119,6875.432876
-196.216382,213,6877.348162
239.929534,716,6883.697064
251.154511,278,6886.186135
255.188095,245,6888.422035
-90.793718,172,6889.980258
138.942591,1000,6898.870897
12.866871,174,6900.443769
-185.336572,210,6902.312553
192.561572,430,6906.192442
-43.67029,167,6907.665312
55.810745,127,6908.800972
-166.336163,211,6910.678247
283.584554,303,6913.3561
253.376369,357,6916.541085
246.208962,377,6919.896261
-11.332837,231,6921.97441
271.032977,373,6925.303159
228.648325,328,6928.193727
22.001106,243,6930.410547
-220.949214,331,6933.334976
124.617323,1000,6942.269029
10.225623,164,6943.711723
31.58271,214,6945.624013
249.045562,227,6947.647837
228.213379,374,6951.0098
255.573889,270,6953.40014
267.870587,358,6956.60657
237.149042,579,6961.747553
202.175687,207,6963.565778
222.541039,365,6966.827961
122.204685,1000,6975.770319
285.806029,274,6978.245863
173.27407,413,6981.967765
215.350298,395,6985.479289
177.623719,415,6989.192993
216.944715,331,6992.123919
227.712833,543,6996.948606
272.613986,243,6999.137612
-8.398841,291,7001.786711
243.04441,508,7006.294295
-35.259314,144,7007.588993
254.252211,242,7009.73753
240.716398,437,7013.59956
244.64429,209,7015.496497
234.857408,308,7018.269032
238.379744,300,7020.934465
-224.480617,201,7022.737731
267.117369,378,7026.106679
240.013964,292,7028.68118
61.698666,1000,7037.574048
-222.851016,221,7039.531842
199.971494,349,7042.65518
225.99778,384,7046.085266
108.20068,689,7052.285075
3.536305,306,7055.009949
224.49192,501,7059.453271
257.007727,279,7061.93328
241.380333,206,7063.765509
216.069453,445,7067.726277
227.716806,244,7069.944561
248.195364,265,7072.285589
176.987136,393,7075.781074
-244.640533,263,7078.158381
-453.632778,932,7086.436017
223.441312,317,7089.259514
-146.724428,183,7090.874762
204.554928,357,7094.034238
-169.191138,93,7094.874357
-185.87026,195,7096.625618
15.976978,208,7098.492408
196.225769,227,7100.514714
-199.384923,269,7102.946174
214.678008,329,7105.879133
-316.647846,188,7107.529076
-222.892747,269,7109.935948
-92.73943,124,7111.080097
267.343457,324,7113.998525
-156.649075,174,7115.537761
-27.235512,344,7120.66295
-78.526987,364,7123.93641
87.661979,1000,7132.815873
145.148801,995,7141.744597
268.020668,228,7143.752875
-147.542578,149,7145.079061
-57.728632,562,7150.136384
246.040874,261,7152.475397
253.730873,340,7155.530464
139.617699,807,7162.711178
188.207446,663,7168.614626
-43.631824,303,7171.311455
-246.84042,420,7175.091328
-148.298088,903,7183.109422
158.007557,434,7187.011289
22.139503,1000,7195.929284
-168.26972,137,7197.183512
85.841165,711,7203.549922
-193.107066,171,7205.089821
201.455457,483,7209.397527
138.262418,619,7214.959095
301.342035,237,7217.050934
-217.106364,359,7220.28982
258.931616,232,7222.32111
149.384336,631,7227.970911
178.420172,660,7233.828846
-103.403298,321,7236.706248
188.616535,478,7240.917997
245.209606,385,7244.367544
224.213035,422,7248.131586
255.789317,652,7253.953326
35.8654,161,7255.402187
121.570656,1000,7264.394273
-197.470965,316,7267.203661
236.03839,270,7269.594146
145.616953,1000,7278.435477
182.026812,428,7282.249209
-206.479307,221,7284.218964
-110.953958,109,7285.183102
248.469677,181,7286.813842
152.105126,924,7295.044144
137.964812,736,7301.626629
200.750827,878,7309.506293
219.865481,403,7313.140191
-371.299697,189,7314.831641
-181.85434,229,7316.862879
226.426919,318,7319.705299
38.550867,211,7321.604595
-33.860308,218,7323.558534
10.676514,201,7325.37481
-262.723803,169,7326.927549
-177.649025,119,7328.0013
274.780155,384,7331.427304
17.485601,155,7332.812851
272.573451,276,7335.276323
260.745857,237,7337.390092
237.077613,372,7340.720256
-39.341022,188,7342.414002
-37.584672,182,7344.050234
145.30563,1000,7352.975021
291.282312,371,7356.328183
-134.950913,1000,7365.157253
218.017315,441,7369.112268
103.053055,794,7376.251248
234.026288,704,7382.580352
253.117011,278,7385.050394
278.911672,222,7386.983167
237.253493,248,7389.196667
-66.949518,180,7390.81492
-68.161283,343,7393.863815
234.838646,316,7396.68923
-161.47745,126,7397.79454
268.453215,221,7399.796813
130.569121,913,7407.921684
4.402372,262,7410.275674
-21.873421,211,7412.163455
263.99938,306,7414.920886
186.547864,599,7420.241823
210.975832,376,7423.596808
250.799286,311,7426.372397
-4.860564,128,7427.510555
256.980435,305,7430.213462
147.116978,937,7438.586604
231.624181,241,7440.768227
195.755784,1000,7449.65779
243.308358,426,7453.440361
221.123717,267,7455.849433
-274.209471,458,7459.939528
132.567584,683,7465.99614
247.777739,370,7469.333095
-236.859897,428,7473.159945
209.909369,415,7476.837138
-313.163085,366,7480.10159
239.026439,239,7482.244414
250.477295,259,7484.560736
-198.881681,273,7487.026992
-4.764486,167,7488.525698
86.785013,1000,7497.345764
212.754713,226,7499.335034
237.264656,619,7504.842075
167.968751,598,7510.185332
227.858747,452,7514.214035
238.508117,327,7517.169151
137.233828,577,7522.285802
-232.952487,351,7525.454394
228.965155,325,7528.328806
267.448068,436,7532.205474
130.155714,1000,7541.06482
269.082671,243,7543.23615
220.811894,408,7546.888225
-204.528833,121,7547.961401
172.172111,436,7551.837768
-40.978269,141,7553.099964
208.236065,541,7557.918577
258.737908,256,7560.195528
236.946575,264,7562.552369
-234.02309,169,7564.081102
181.164269,463,7568.185146
245.913881,335,7571.206578
243.926782,605,7576.549808
-79.126503,573,7581.644642
-223.678498,291,7584.237595
37.661213,178,7585.849024
169.795316,642,7591.714556
258.453901,304,7594.45277
224.630396,365,7597.67319
-161.193426,224,7599.66443
18.963342,276,7602.135473
-285.000111,225,7604.134748
203.303436,481,7608.420233
226.49048,356,7611.565942
282.89262,478,7615.823544
-93.364432,224,7617.819985
-222.741661,492,7622.160525
28.128086,164,7623.660395
-207.518122,266,7626.035949
0.675473,175,7627.615521
141.625571,919,7635.821198
-179.504871,260,7638.145011
-181.464264,213,7639.986797
219.16673,365,7643.260564
260.305102,535,7648.070926
290.086921,291,7650.693776
-115.095532,987,7659.497514
246.104691,231,7661.579533
210.749666,361,7664.81503
-52.231907,146,7666.114392
240.50689,246,7668.332707
0.299274,208,7670.200493
-136.834726,329,7673.14245
227.611179,356,7676.270946
-78.478656,127,7677.42613
214.77243,441,7681.327724
245.108785,268,7683.714562
-3.84424,1000,7692.528604
6.148736,134,7693.736771
70.17208,1000,7702.609135
-184.891443,962,7711.191447
240.071506,393,7714.695944
-190.249203,208,7716.544218
-71.714826,600,7721.981816
112.87838,1000,7730.948189
-124.423243,114,7731.969362
274.191864,343,7735.029333
-103.080403,231,7737.100425
-230.318243,290,7739.648799
179.847426,574,7744.72754
-248.640355,467,7748.907857
-64.126312,185,7750.545614
-28.171562,183,7752.202859
-43.581969,216,7754.140622
197.256333,469,7758.3184
273.138118,334,7761.279964
-90.267195,235,7763.387253
-46.492215,285,7765.933136
206.634322,369,7769.225111
-1.131289,117,7770.298779
231.252111,546,7775.147736
-43.529144,187,7776.824618
257.213593,264,7779.172996
-128.168864,146,7780.484701
-248.308705,107,7781.42482
234.851696,581,7786.625287
-171.858619,749,7793.208805
-71.699279,148,7794.505509
-48.200032,326,7797.439388
-22.735689,284,7799.988241
-247.647812,247,7802.192676
-3.477456,122,7803.284333
217.06884,317,7806.118247
225.123938,327,7809.034155
13.778215,249,7811.290976
-41.962493,277,7813.775336
236.932543,255,7816.048658
209.352348,257,7818.36197
256.078693,249,7820.588822
272.029659,214,7822.53111
197.633267,515,7827.129829
175.88713,777,7833.984696
179.911111,520,7838.624893
-259.146622,205,7840.459261
243.111772,320,7843.269145
284.376029,283,7845.784153
-36.557187,150,7847.139344
-142.399749,117,7848.204987
183.696624,815,7855.455744
-5.468513,225,7857.452245
269.756448,298,7860.131158
-260.622326,252,7862.38199
214.01771,481,7866.68677
249.976469,291,7869.284626
213.67454,299,7871.946206
-173.964021,149,7873.276399
34.896877,176,7874.835143
72.743123,145,7876.116823
217.94716,463,7880.215417
-136.537309,220,7882.157042
19.703782,220,7884.134322
248.838167,249,7886.34743
316.342434,204,7888.173693
211.294317,378,7891.540866
155.34612,734,7898.14553
-153.153507,111,7899.129822
218.288714,266,7901.485192
42.661084,1000,7910.460041
185.350924,504,7914.907531
-73.990665,368,7918.211112
-170.98468,166,7919.712425
247.91676,282,7922.20882
-165.554034,296,7924.851683
118.912634,523,7929.516802
-33.008396,221,7931.51934
25.844267,166,7933.011045
-50.815716,260,7935.345875
-25.419187,134,7936.543063
-88.559084,392,7940.03122
-177.153289,126,7941.141385
261.655659,257,7943.432223
-22.033007,1000,7952.370311
199.058274,548,7957.220302
277.817044,300,7959.868664
-211.503464,165,7961.348366
-206.68049,164,7962.82358
273.627276,260,7965.147398
-78.591706,124,7966.24372
247.682664,483,7970.549866
-244.756856,624,7976.116825
-33.712083,255,7978.399625
-85.586681,530,7983.155987
-69.022735,172,7984.699719
240.413365,349,7987.766348
13.966789,190,7989.450072
199.244521,273,7991.911049
5.957106,170,7993.423314
130.881442,1000,8002.371739
-19.429429,256,8004.672546
232.390601,437,8008.620292
-21.650993,1000,8017.427616
-236.244048,351,8020.586034
230.38224,437,8024.500244
-102.387786,217,8026.41818
222.937042,426,8030.211248
213.737589,363,8033.450394
-8.407793,123,8034.555048
253.707959,268,8036.92539
83.476158,1000,8045.841302
264.30827,258,8048.156294
-13.3081,1000,8057.050711
235.990779,384,8060.493872
-162.357877,240,8062.630686
-202.516095,177,8064.206917
221.926947,289,8066.771299
250.174361,254,8069.002635
172.985922,848,8076.570076
-22.048403,279,8079.066598
276.200052,366,8082.332548
265.878412,304,8085.068423
-183.934317,292,8087.676287
-168.282922,161,8089.112
101.325657,1000,8098.047158
-41.898731,158,8099.479076
188.011273,426,8103.294616
170.940434,545,8108.174493
185.870089,496,8112.606923
-210.802367,228,8114.629255
301.909344,230,8116.654208
-255.646195,380,8120.007206
248.080618,313,8122.80708
238.51306,291,8125.431116
11.829173,210,8127.323876
243.773594,209,8129.19315
106.470077,1000,8138.147664
-0.925765,241,8140.291172
57.846958,190,8141.981403
-188.010618,322,8144.825864
224.008794,315,8147.612269
-35.1664,172,8149.117198
243.833742,298,8151.760095
-148.501875,219,8153.696454
20.329961,165,8155.17471
254.970767,263,8157.517571
247.184666,265,8159.872942
-177.812866,202,8161.682226
208.904859,278,8164.168797
265.437797,357,8167.352257
245.138195,325,8170.250173
-198.6078,106,8171.218827
-44.643217,187,8172.92655
132.404365,683,8178.990413
281.771984,293,8181.599611
-222.889623,159,8183.015804
-22.679998,204,8184.838057
165.39541,543,8189.72732
230.339193,387,8193.17059
-188.888258,458,8197.329845
250.224881,262,8199.714698
6.564844,208,8201.610494
166.784587,535,8206.487067
173.721083,812,8213.810642
214.855253,305,8216.534533
248.124957,240,8218.693853
252.06482,203,8220.527104
-72.195456,125,8221.642275
267.462051,342,8224.696219
-82.714633,414,8228.439315
-120.541362,840,8236.001086
195.850501,429,8239.846653
170.12873,695,8246.089944
50.344155,1000,8255.027136
-66.707978,177,8256.624371
-199.065271,208,8258.481185
156.983713,828,8265.865366
-50.650516,295,8268.486241
210.482552,647,8274.35458
221.116714,303,8277.105482
-55.892183,171,8278.622342
176.391261,740,8285.297792
167.298063,616,8291.096363
267.080599,266,8293.612229
-65.196977,188,8295.359157
16.582016,155,8296.757389
224.434551,350,8299.868345
256.105001,266,8302.243695
208.988774,362,8305.483193
279.222309,217,8307.444334
270.555577,315,8310.231223
237.252705,240,8312.347188
-6.611432,192,8314.064425
-61.205377,143,8315.317635
-181.100402,186,8316.97437
-52.217234,220,8318.938166
89.483884,1000,8327.843187
154.451858,1000,8336.772237
188.747003,368,8340.1113
238.282557,411,8343.748572
-213.515309,197,8345.521861
299.092619,248,8347.746217
231.693996,245,8349.929517
-64.250992,378,8353.303264
-20.275388,211,8355.181716
-94.400683,491,8359.567382
-180.082734,195,8361.300858
217.846689,302,8364.000211
-194.252924,148,8365.318046
154.103875,1000,8374.274862
262.402057,270,8376.658275
-183.760906,169,8378.156972
-188.812294,214,8380.07224
149.427544,721,8386.482655
-135.281504,339,8389.517331
-90.44441,272,8391.918165
-220.830194,221,8393.885468
211.75254,341,8396.928834
218.672309,384,8400.348316
-61.402482,161,8401.790051
-270.43065,484,8406.121995
225.837214,205,8407.950437
260.348178,263,8410.290758
-82.145923,212,8412.195741
283.655993,284,8414.737577
-12.018169,115,8415.762264
275.32966,367,8419.059768
274.509993,240,8421.189578
-64.727037,116,8422.23473
52.773694,1000,8431.141108
-177.935164,215,8433.075903
-55.528469,197,8434.841164
266.001553,307,8437.56171
-214.413522,205,8439.421486
-198.51126,210,8441.310246
162.166147,795,8448.339933
-33.907486,120,8449.415599
-109.996296,239,8451.551405
-42.815682,185,8453.210141
254.649549,408,8456.852131
250.470204,313,8459.645288
-65.839932,203,8461.471222
-308.458689,268,8463.886091
131.500889,649,8469.649762
158.791009,599,8475.007651
-8.391966,1000,8483.96346
219.682494,516,8488.581578
-175.653287,208,8490.447341
-49.644617,177,8492.021091
-19.379248,213,8493.925405
-164.393028,197,8495.648158
160.598691,596,8500.977027
32.52213,171,8502.485745
276.031674,334,8505.502673
210.199985,285,8508.023176
-168.93243,189,8509.717144
-19.251434,178,8511.35853
248.830114,350,8514.508123
107.129143,1000,8523.38374
138.039079,572,8528.46124
281.329802,298,8531.13261
-64.693942,164,8532.611477
-106.690281,250,8534.817797
-250.847255,175,8536.400199
235.619737,316,8539.32457
-184.889814,278,8541.854943
-69.095017,443,8545.810386
5.337733,140,8547.06655
-110.123348,182,8548.647811
232.593296,337,8551.637445
147.588254,1000,8560.514871
-273.993248,264,8562.904403
-195.720929,178,8564.456802
-189.364074,321,8567.316876
197.573899,528,8572.05726
290.904748,243,8574.241625
158.601355,655,8580.121969
-44.616994,118,8581.185272
-158.064006,164,8582.652975
209.266255,386,8586.165479
-5.477908,328,8589.078546
-233.108264,259,8591.389395
151.120512,535,8596.13161
263.018094,218,8598.047037
-190.389918,220,8600.028844
-9.17949,382,8603.488487
-254.9225,301,8606.188889
-211.817458,160,8607.594238
-219.652162,213,8609.480002
164.862257,666,8615.447581
-172.015526,143,8616.704269
265.691424,359,8619.94449
253.463893,525,8624.616674
283.420346,244,8626.796477
146.448912,614,8632.288032
249.962184,298,8634.982909
249.455448,326,8637.915822
226.156808,415,8641.605079
9.665917,241,8643.761906
-71.361299,134,8644.936062
269.593115,275,8647.392882
245.374186,266,8649.768294
-252.889318,638,8655.439608
-216.845169,214,8657.339915
251.412708,288,8659.947791
198.96243,523,8664.645443
-163.705499,143,8665.95213
216.564258,222,8667.93138
26.271365,146,8669.213059
182.535644,713,8675.575963
255.861405,230,8677.6159
-2.128069,184,8679.247626
225.961497,290,8681.858976
142.106969,1000,8690.76047
199.493765,436,8694.648471
-212.557893,262,8697.006298
280.899074,284,8699.525686
-12.779866,157,8700.924398
250.809466,225,8702.914675
112.933644,1000,8711.780954
-119.386845,279,8714.281488
148.690246,635,8719.999877
-1.886532,481,8724.277687
188.054156,433,8728.154253
-14.037488,181,8729.788723
270.393552,442,8733.776601
186.614315,530,8738.460758
245.239522,252,8740.710381
-4.061136,175,8742.265374
-247.754724,153,8743.625072
228.535804,328,8746.589503
96.836165,1000,8755.485492
238.527798,381,8758.86546
-127.424369,177,8760.430667
-28.729825,220,8762.369985
253.177913,342,8765.404656
-86.44907,221,8767.350938
-271.224017,262,8769.679988
-195.000471,113,8770.712304
187.52974,780,8777.662274
140.296516,1000,8786.583341
-176.397626,202,8788.366837
-281.724298,383,8791.807809
-37.375034,172,8793.331187
-4.604245,205,8795.135648
-121.914878,358,8798.311105
195.563034,470,8802.48992
241.186774,403,8806.065513
176.712842,1000,8814.990366
228.466366,289,8817.617754
256.843076,280,8820.105659
20.262797,177,8821.685971
267.671426,700,8827.922716
129.123635,1000,8836.919158
244.198596,453,8840.919765
-176.916985,168,8842.421154
-162.504167,212,8844.279937
277.788797,289,8846.845797
271.566854,265,8849.237115
194.013166,525,8853.913308
-243.54025,362,8857.09724
-40.76994,186,8858.756145
149.563022,856,8866.461945
245.094053,294,8869.086887
-3.484949,303,8871.756015
-60.961916,359,8874.995876
-82.739251,361,8878.195307
220.541047,405,8881.832361
-108.496528,137,8883.067543
17.539524,205,8884.908952
208.027015,598,8890.22244
-15.157162,160,8891.633167
116.113167,1000,8900.571911
22.525734,133,8901.76107
